IssueColSuccess,IssueColFail,IssueHTLCSuccesss,IssueHTLCFail,TradeSuccess,TradeFail,RedeemSuccess,RedeemFail,ReplaceSuccess,ReplaceFail
265938,220847,398774,368256,198661,123841,289128,297926,241153,131346
0.54384321,0.451632115,0.8154928300000001,0.75308352,0.40626174500000006,0.253254845,0.59126676,0.60925867,0.49315788499999996,0.26860257
2,2,2,2,2,1,2,2,3,3
