IssueColSuccess,IssueColFail,IssueHTLCSuccesss,IssueHTLCFail,TradeSuccess,TradeFail,RedeemSuccess,RedeemFail,ReplaceSuccess,ReplaceFail
265696,190605,289677,199159,199519,109281,288666,159207,241544,117045
0.54334832,0.389787225,0.592389465,0.40728015500000003,0.408016355,0.223479645,0.59032197,0.325578315,0.49395748,0.239357025
2,2,2,2,2,1,2,2,3,3
