IssueColSuccess,IssueColFail,IssueHTLCSuccesss,IssueHTLCFail,TradeSuccess,TradeFail,RedeemSuccess,RedeemFail,ReplaceSuccess,ReplaceFail
157651,82550,181654,91120,199563,109303,180597,154172,133199,117067
0.322396295,0.16881475,0.37148243,0.18634040000000002,0.408106335,0.223524635,0.369320865,0.31528174000000003,0.272391955,0.239402015
2,2,2,2,2,1,2,2,3,3
