IssueColSuccess,IssueColFail,IssueHTLCSuccesss,IssueHTLCFail,TradeSuccess,TradeFail,RedeemSuccess,RedeemFail
156668,111567,195008,164474,198001,123511,27423,0
0.32038606,0.228154515,0.39879136000000004,0.33634933,0.404912045,0.252579995,0.05608003499999999,0
2,2,2,2,2,1,1,0
