IssueColSuccess,IssueColFail,IssueHTLCSuccesss,IssueHTLCFail,TradeSuccess,TradeFail,RedeemSuccess,RedeemFail,ReplaceSuccess,ReplaceFail
163057,87965,187038,96519,199519,109281,186027,159207,138905,117045
0.333451565,0.17988842500000002,0.38249271,0.197381355,0.408016355,0.223479645,0.380425215,0.325578315,0.284060725,0.239357025
2,2,2,2,2,1,2,2,3,3
