IssueColSuccess,IssueColFail,IssueHTLCSuccesss,IssueHTLCFail,TradeSuccess,TradeFail,RedeemSuccess,RedeemFail,ReplaceSuccess,ReplaceFail
163057,87965,187038,96519,199519,109281,186027,159207,138905,117045
0.186374151,0.100543995,0.213784434,0.110321217,0.228050217,0.12490818299999999,0.212628861,0.18197360099999998,0.158768415,0.13378243499999998
2,2,2,2,2,1,2,2,3,3
