IssueColSuccess,IssueColFail,IssueHTLCSuccesss,IssueHTLCFail,TradeSuccess,TradeFail,RedeemSuccess,RedeemFail,ReplaceSuccess,ReplaceFail
176239,131148,219376,188858,198661,123841,199429,208227,151454,131346
0.36040875499999997,0.26819766,0.44862391999999995,0.38621461,0.40626174500000006,0.253254845,0.407832305,0.42582421500000006,0.30972343,0.26860257
2,2,2,2,2,1,2,2,3,3
