IssueColSuccess,IssueColFail,IssueHTLCSuccesss,IssueHTLCFail,TradeSuccess,TradeFail,RedeemSuccess,RedeemFail
102675,87574,181610,91076,199519,109281,27834,0
0.20997037500000001,0.17908883,0.37139245,0.18625042,0.408016355,0.223479645,0.056920530000000004,0
2,2,2,2,2,1,1,0
