IssueColSuccess,IssueColFail,IssueHTLCSuccesss,IssueHTLCFail,TradeSuccess,TradeFail,RedeemSuccess,RedeemFail,ReplaceSuccess,ReplaceFail
157371,112270,195344,164810,198465,123711,175824,184090,131557,131258
0.321823695,0.22959215000000002,0.39947847999999997,0.33703645,0.40586092500000004,0.252988995,0.35956008,0.37646405000000005,0.269034065,0.26842261
2,2,2,2,2,1,2,2,3,3
