IssueColSuccess,IssueColFail,IssueHTLCSuccesss,IssueHTLCFail,TradeSuccess,TradeFail,RedeemSuccess,RedeemFail
102675,87574,181610,91076,199519,109281,27834,0
0.117357525,0.10009708199999999,0.20758023,0.104099868,0.228050217,0.12490818299999999,0.031814262,0
2,2,2,2,2,1,1,0
