IssueColSuccess,IssueColFail,IssueHTLCSuccesss,IssueHTLCFail,TradeSuccess,TradeFail,RedeemSuccess,RedeemFail,ReplaceSuccess,ReplaceFail
157651,82550,181654,91120,199563,109303,180597,154172,133199,117067
0.150399054,0.0787527,0.173297916,0.08692847999999999,0.190383102,0.104275062,0.172289538,0.147080088,0.127071846,0.11168191799999999
2,2,2,2,2,1,2,2,3,3
